"species","decimalLatitude","decimalLongitude","country","eventDate"
"Apis mellifera",50.909974,-0.268995,"United Kingdom of Great Britain and Northern Ireland","2025-01-30"
"Apis mellifera",-37.937779,145.17337,"Australia","2025-01-01T07:11:59"
"Apis mellifera",-37.95932,145.070299,"Australia","2025-01-01T07:29:19"
"Apis mellifera",-36.829493,174.426218,"New Zealand","2025-01-01T13:09:15"
"Apis mellifera",-36.935355,149.846633,"Australia","2025-01-01T12:03:59"
"Apis mellifera",-27.53657,153.034028,"Australia","2025-01-01T13:03:53"
"Apis mellifera",-38.286999,145.08104,"Australia","2025-01-01T10:43"
"Apis mellifera",-35.202871,149.11499,"Australia","2025-01-01T18:13:12"
"Apis mellifera",-33.903877,150.964566,"Australia","2025-01-01T16:21:26"
"Apis mellifera",-38.23456,142.263212,"Australia","2025-01-01T12:33:58"
"Apis mellifera",-29.129518,31.385974,"South Africa","2025-01-01T12:23:29"
"Apis mellifera",-33.677762,115.494992,"Australia","2025-01-01T19:06:04"
"Apis mellifera",38.794594,-0.400263,"Spain","2025-01-01T13:09:10"
"Apis mellifera",38.794474,-0.400135,"Spain","2025-01-01T13:40:32"
"Apis mellifera",-22.889133,-47.721782,"Brazil","2025-01-01T11:33"
"Apis mellifera",-31.926645,115.813988,"Australia","2025-01-01T21:03:10"
"Apis mellifera",-31.92667,115.81402,"Australia","2025-01-01T22:08:48"
"Apis mellifera",36.831578,-2.70168,"Spain","2025-01-01T12:52"
"Apis mellifera",41.517194,-8.787478,"Portugal","2025-01-01T16:50:18Z"
"Apis mellifera",26.520411,-78.772453,"Bahamas","2025-01-01T12:50:04"
"Apis mellifera",-40.479566,-73.634614,"Chile","2025-01-01T15:02"
"Apis mellifera",37.890841,-122.161577,"United States of America","2025-01-01T10:48:35"
"Apis mellifera",20.799086,-103.476026,"Mexico","2025-01-01T14:07:33"
"Apis mellifera",18.516487,-77.818528,"Jamaica","2025-01-01T09:27:53"
"Apis mellifera",25.962077,-80.348185,"United States of America","2025-01-01T11:57:09"
"Apis mellifera",31.693656,-106.2026,"United States of America","2025-01-01T12:19:22"
"Apis mellifera",-16.741931,-49.297246,"Brazil","2025-01-01T13:14"
"Apis mellifera",33.661216,-117.840428,"United States of America","2025-01-01T10:39"
"Apis mellifera",4.825705,-52.497808,"French Guiana","2025-01-01T18:29"
"Apis mellifera",34.017708,-118.364983,"United States of America","2025-01-01T13:36:33"
"Apis mellifera",-36.608731,-72.963642,"Chile","2025-01-01T18:57:17"
"Apis mellifera",16.273017,-86.599258,"Honduras","2025-01-01T15:27:57"
"Apis mellifera",38.914386,-95.241175,"United States of America","2025-01-01T16:25:59"
"Apis mellifera",29.574436,-98.56433,"United States of America","2025-01-01T15:01"
"Apis mellifera",30.204206,-98.080076,"United States of America","2025-01-01T12:37"
"Apis mellifera",-36.92018,174.797317,"New Zealand","2025-01-02T12:14:17"
"Apis mellifera",30.30451,-81.627332,"United States of America","2025-01-01T13:27"
"Apis mellifera",-41.260913,173.099258,"New Zealand","2025-01-02T12:09:10"
"Apis mellifera",25.886155,-80.174958,"United States of America","2025-01-01T14:09"
"Apis mellifera",21.27369,-157.824464,"United States of America","2025-01-01T19:46:34"
"Apis mellifera",34.284329,-118.870162,"United States of America","2025-01-01T12:07:56"
"Apis mellifera",21.335606,-157.83242,"United States of America","2025-01-01T14:45"
"Apis mellifera",-25.539512,152.696087,"Australia","2025-01-01T08:25"
"Apis mellifera",-20.370864,-40.303896,"Brazil","2025-01-01T17:57"
"Apis mellifera",-33.710812,151.075882,"Australia","2025-01-02T14:17:29"
"Apis mellifera",17.757195,-88.024742,"Belize","2025-01-01T07:01"
"Apis mellifera",-33.750672,150.687674,"Australia","2025-01-02T12:55:06"
"Apis mellifera",21.300299,-157.800967,"United States of America","2025-01-01T09:40:24"
"Apis mellifera",29.668861,-81.213398,"United States of America","2025-01-01T15:00"
"Apis mellifera",21.32784,-157.785572,"United States of America","2025-01-01T11:35:27"
"Apis mellifera",-38.004753,144.410675,"Australia","2025-01-02T10:51:16"
"Apis mellifera",-34.477055,150.759247,"Australia","2025-01-01T18:18:14"
"Apis mellifera",32.360703,-110.93011,"United States of America","2025-01-01T13:34:15"
"Apis mellifera",43.259618,25.141191,"Bulgaria","2025-01-01T15:01:39"
"Apis mellifera",37.726525,-122.059617,"United States of America","2025-01-01T15:18:10"
"Apis mellifera",-37.670628,144.870803,"Australia","2025-01-02T15:14"
"Apis mellifera",-32.171997,115.661732,"Australia","2025-01-01T15:46"
"Apis mellifera",39.478072,-8.540443,"Portugal","2025-01-01T13:49Z"
"Apis mellifera",37.014972,-4.567969,"Spain","2025-01-02T13:45"
"Apis mellifera",-18.677204,-39.862237,"Brazil","2025-01-02T13:28:43"
"Apis mellifera",-33.417122,-71.699142,"Chile","2025-01-02T13:48:47"
"Apis mellifera",29.160011,-95.020701,"United States of America","2025-01-02T08:27:07"
"Apis mellifera",27.005595,-82.182507,"United States of America","2025-01-02T13:44:02"
"Apis mellifera",-28.578852,153.258342,"Australia","2025-01-02T14:20:57"
"Apis mellifera",27.786255,-82.671989,"United States of America","2025-01-02T14:18:57"
"Apis mellifera",27.786255,-82.671989,"United States of America","2025-01-02T14:31:51"
"Apis mellifera",32.195487,-116.913351,"Mexico","2025-01-01T15:20:13"
"Apis mellifera",21.503522,-158.147595,"United States of America","2025-01-01T12:35"
"Apis mellifera",30.340675,-97.578184,"United States of America","2025-01-02T14:17:42"
"Apis mellifera",-27.556459,153.073702,"Australia","2025-01-03T07:33:55"
"Apis mellifera",44.850365,11.409835,"Italy","2025-01-02T14:38"
"Apis mellifera",-37.951503,145.053876,"Australia","2025-01-03T09:17:49"
"Apis mellifera",18.393463,-77.060112,"Jamaica","2025-01-02T12:40"
"Apis mellifera",-37.80713,145.084393,"Australia","2025-01-03T09:50:58"
"Apis mellifera",-37.893656,145.115321,"Australia","2025-01-03T09:51:09"
"Apis mellifera",-37.802626,145.183011,"Australia","2025-01-03T09:51:27"
"Apis mellifera",-37.814372,145.186679,"Australia","2025-01-03T09:55:42"
"Apis mellifera",-37.964401,145.196209,"Australia","2025-01-03T09:56"
"Apis mellifera",-37.936748,145.084423,"Australia","2025-01-03T10:15:27"
"Apis mellifera",-37.83608,145.057393,"Australia","2025-01-03T10:25:35"
"Apis mellifera",-37.808414,145.080426,"Australia","2025-01-03T10:26:01"
"Apis mellifera",15.979868,-97.668605,"Mexico","2025-01-02T17:17:49"
"Apis mellifera",38.619439,-121.274074,"United States of America","2025-01-02T15:17:01"
"Apis mellifera",25.815431,-77.946663,"Bahamas","2025-01-01T11:27"
"Apis mellifera",19.684177,-101.181529,"Mexico","2025-01-02T13:15"
"Apis mellifera",-35.034007,138.670487,"Australia","2025-01-03T12:48:33"
"Apis mellifera",33.584191,-117.735477,"United States of America","2025-01-02T13:56"
"Apis mellifera",33.347012,-115.729713,"United States of America","2025-01-02T13:20:07"
"Apis mellifera",32.2864,-110.948188,"United States of America","2025-01-02T16:27:29"
"Apis mellifera",36.485881,-121.201753,"United States of America","2025-01-02T11:32:39"
"Apis mellifera",-41.905807,146.209395,"Australia","2025-01-02T11:23:58"
"Apis mellifera",36.603048,-121.833551,"United States of America","2025-01-02T09:41:42"
"Apis mellifera",-34.932789,138.54177,"Australia","2025-01-03T11:40:33"
"Apis mellifera",30.422524,-9.609333,"Morocco","2025-01-03T10:06:46"
"Apis mellifera",-34.050991,22.320581,"South Africa","2025-01-01T09:24:28"
"Apis mellifera",-23.569896,-46.728477,"Brazil","2025-01-03T10:37:47"
"Apis mellifera",-23.456065,-46.734848,"Brazil","2025-01-03T10:39"
"Apis mellifera",-23.456094,-46.734768,"Brazil","2025-01-03T11:07"
"Apis mellifera",19.381464,-81.411896,"Cayman Islands","2025-01-03T10:18:53"
"Apis mellifera",-34.866233,-60.0507,"Argentina","2025-01-03T10:38:34"
"Apis mellifera",45.692887,8.605434,"Italy","2025-01-03T11:15"
"Apis mellifera",28.002078,-80.581688,"United States of America","2025-01-03T11:21:40"
"Apis mellifera",41.653732,1.846,"Spain","2025-01-03T17:22"
"Apis mellifera",-7.179772,-39.33006,"Brazil","2025-01-03T13:43:12"
"Apis mellifera",45.291253,12.007491,"Italy","2025-01-03T10:06:23"
"Apis mellifera",36.487743,4.718567,"Algeria","2025-01-03T13:43:07"
"Apis mellifera",25.651407,-100.265221,"Mexico","2025-01-03T11:41"
"Apis mellifera",6.054008,-73.534805,"Colombia","2025-01-03T09:37:13"
"Apis mellifera",34.129794,-106.971159,"United States of America","2025-01-01T12:21:09"
"Apis mellifera",34.017883,-118.364197,"United States of America","2025-01-03T11:21:52"
"Apis mellifera",34.190508,-118.104001,"United States of America","2025-01-03T12:42:50"
"Apis mellifera",-34.562084,-58.456686,"Argentina","2025-01-03T12:25"
"Apis mellifera",25.795729,-80.135377,"United States of America","2025-01-03T16:02:49"
"Apis mellifera",-45.251257,168.750419,"New Zealand","2025-01-04T10:39:54"
"Apis mellifera",33.136561,-97.15165,"United States of America","2025-01-03T14:19:32"
"Apis mellifera",29.560374,-98.226343,"United States of America","2025-01-03T16:12:56"
"Apis mellifera",25.764718,-100.218034,"Mexico","2025-01-03T16:16:03"
"Apis mellifera",33.761047,-111.843174,"United States of America","2025-01-02"
"Apis mellifera",-37.691753,145.297608,"Australia","2025-01-03T11:27:45"
"Apis mellifera",-37.691792,145.297547,"Australia","2025-01-03T11:08:54"
"Apis mellifera",-19.272562,-40.005622,"Brazil","2025-01-03T14:50:28"
"Apis mellifera",32.177317,-96.627326,"United States of America","2025-01-03T17:08:42"
"Apis mellifera",20.868594,-105.440556,"Mexico","2025-01-03T15:20:30"
"Apis mellifera",19.372875,-99.19681,"Mexico","2025-01-03T17:37"
"Apis mellifera",-40.65155,-62.751938,"Argentina","2025-01-02T17:37"
"Apis mellifera",-27.550044,152.509247,"Australia","2025-01-04T06:34"
"Apis mellifera",34.145397,-118.2687,"United States of America","2025-01-02T11:03:44"
"Apis mellifera",10.387633,-64.338627,"Venezuela (Bolivarian Republic of)","2025-01-03T12:51"
"Apis mellifera",25.878396,-80.185542,"United States of America","2025-01-03T13:56"
"Apis mellifera",33.053872,-117.279167,"United States of America","2025-01-03T11:51:15"
"Apis mellifera",33.053345,-117.279213,"United States of America","2025-01-03T12:26:20"
"Apis mellifera",28.680148,-80.693642,"United States of America","2025-01-03T13:49"
"Apis mellifera",-38.1716,145.131438,"Australia","2025-01-03T14:19"
"Apis mellifera",34.284329,-118.870162,"United States of America","2025-01-02T11:00:46"
"Apis mellifera",32.738806,-97.113744,"United States of America","2025-01-02T13:31:26"
"Apis mellifera",34.016872,-118.364655,"United States of America","2025-01-03T11:19:01"
"Apis mellifera",34.016783,-118.365988,"United States of America","2025-01-03T11:14:37"
"Apis mellifera",-27.808077,153.233246,"Australia","2025-01-01T16:35"
"Apis mellifera",-37.843795,144.883048,"Australia","2025-01-04T13:14:27"
"Apis mellifera",-37.927375,145.046022,"Australia","2025-01-04T17:18:09"
"Apis mellifera",-37.873392,145.083505,"Australia","2025-01-04T17:24:06"
"Apis mellifera",-37.99936,145.127219,"Australia","2025-01-04T17:25:42"
"Apis mellifera",-37.946715,145.15867,"Australia","2025-01-04T17:28:17"
"Apis mellifera",33.860537,-112.307797,"United States of America","2025-01-03T13:29"
"Apis mellifera",-37.793492,148.246047,"Australia","2025-01-04T13:40:15"
"Apis mellifera",-37.74102,148.023833,"Australia","2025-01-04T11:38:20"
"Apis mellifera",-45.97178,170.552996,"New Zealand","2025-01-02T16:11:29"
"Apis mellifera",-35.809754,137.265646,"Australia","2025-01-03T09:48:46"
"Apis mellifera",37.205228,50.010522,"Iran (Islamic Republic of)","2025-01-04T12:16:20"
"Apis mellifera",-17.78449,31.06987,"Zimbabwe","2025-01-04T15:08"
"Apis mellifera",37.204417,50.013483,"Iran (Islamic Republic of)","2025-01-04T11:47:14"
"Apis mellifera",25.022622,121.545525,"Chinese Taipei","2025-01-03T12:15"
"Apis mellifera",37.534512,-8.343235,"Portugal","2025-01-02T13:38:56Z"
"Apis mellifera",37.206058,50.017108,"Iran (Islamic Republic of)","2025-01-04T11:14:39"
"Apis mellifera",40.282866,23.29516,"Greece","2025-01-04T09:56:56"
"Apis mellifera",34.219692,-118.138969,"United States of America","2025-01-03T13:33:10"
"Apis mellifera",36.781817,-3.110267,"Spain","2025-01-03T15:09"
"Apis mellifera",41.65386,1.846257,"Spain","2025-01-04T16:37"
"Apis mellifera",30.16665,-95.763138,"United States of America","2025-01-03T15:26"
"Apis mellifera",32.839872,-117.338236,"United States of America","2025-01-04T10:11:49"
"Apis mellifera",37.361954,-121.694114,"United States of America","2025-01-01T14:42"
"Apis mellifera",-32.257294,-58.421786,"Argentina","2025-01-04T15:55:55"
"Apis mellifera",33.416293,-111.724591,"United States of America","2025-01-04T13:01:52"
"Apis mellifera",20.637703,-100.4757,"Mexico","2025-01-04T14:14:18"
"Apis mellifera",-31.848134,152.211287,"Australia","2025-01-05T07:18:27"
"Apis mellifera",30.657788,-96.996273,"United States of America","2025-01-03T11:51"
"Apis mellifera",32.760655,-97.243837,"United States of America","2025-01-04T12:04:31"
"Apis mellifera",24.834405,121.020858,"Chinese Taipei","2025-01-04T14:46:42"
"Apis mellifera",34.279087,-118.737214,"United States of America","2025-01-04T11:50:57"
"Apis mellifera",-33.060943,-68.828443,"Argentina","2025-01-04T17:31:07"
"Apis mellifera",-41.204883,174.918246,"New Zealand","2025-01-03T15:58:12"
"Apis mellifera",33.022891,-97.146002,"United States of America","2025-01-04T17:31"
"Apis mellifera",32.666753,-97.471062,"United States of America","2025-01-04T16:37:17"
"Apis mellifera",37.978799,-122.032431,"United States of America","2025-01-04T15:05:50"
"Apis mellifera",36.125839,-114.719575,"United States of America","2025-01-04T12:17"
"Apis mellifera",28.074681,-82.371056,"United States of America","2025-01-04T14:19"
"Apis mellifera",-32.103239,151.846605,"Australia","2025-01-05T11:19:36"
"Apis mellifera",18.317129,-97.343665,"Mexico","2025-01-04T13:59:45"
"Apis mellifera",32.752501,-97.192457,"United States of America","2025-01-04T20:32"
"Apis mellifera",29.95233,-90.045844,"United States of America","2025-01-04T12:52:18"
"Apis mellifera",33.853142,-118.062989,"United States of America","2025-01-04T15:55:55"
"Apis mellifera",-26.13885,28.064368,"South Africa","2025-01-03T06:45"
"Apis mellifera",-26.138084,28.062486,"South Africa","2025-01-03T06:45"
"Apis mellifera",-26.137639,28.066128,"South Africa","2025-01-03T06:45"
"Apis mellifera",-26.138133,28.06421,"South Africa","2025-01-03T06:45"
"Apis mellifera",-28.544762,153.2357,"Australia","2025-01-05T16:32:53"
"Apis mellifera",-38.08584,145.130179,"Australia","2025-01-05T17:37:27"
"Apis mellifera",-33.942537,18.394997,"South Africa","2025-01-04T09:21:43"
"Apis mellifera",-37.866742,144.884033,"Australia","2025-01-05T16:33:11"
"Apis mellifera",-33.614514,26.882128,"South Africa","2025-01-03T15:25"
"Apis mellifera",42.039589,45.503578,"Georgia","2025-01-05T13:27:26"
"Apis mellifera",-32.044186,116.011933,"Australia","2025-01-05T17:58:59"
"Apis mellifera",-31.67985,116.641875,"Australia","2025-01-05T15:25"
"Apis mellifera",40.663489,22.949453,"Greece","2025-01-05T15:04"
"Apis mellifera",33.531629,-117.709833,"United States of America","2025-01-04T10:27"
"Apis mellifera",33.531259,-117.709889,"United States of America","2025-01-04T10:09"
"Apis mellifera",33.55181,-117.715237,"United States of America","2025-01-04T11:37"
"Apis mellifera",36.77026,-2.611458,"Spain","2025-01-05T12:40"
"Apis mellifera",43.78634,7.630347,"Italy","2025-01-04T12:28"
"Apis mellifera",29.583734,-95.814955,"United States of America","2025-01-03T13:31"
"Apis mellifera",18.42292,-77.154162,"Jamaica","2025-01-05T13:14:21"
"Apis mellifera",29.560374,-98.226343,"United States of America","2025-01-05T12:42:13"
"Apis mellifera",36.755624,2.906427,"Algeria","2025-01-05T14:41"
"Apis mellifera",26.371586,-81.61333,"United States of America","2025-01-05T10:42"
"Apis mellifera",29.645633,-98.501978,"United States of America","2025-01-04T16:43:16"
"Apis mellifera",32.775822,-117.198212,"United States of America","2025-01-05T11:52:52"
"Apis mellifera",28.479921,34.496734,"Egypt","2025-01-01T12:58"
"Apis mellifera",-37.250992,144.452775,"Australia","2025-01-03T09:24:04"
"Apis mellifera",34.377973,-118.468575,"United States of America","2025-01-05T12:53:04"
"Apis mellifera",-27.391013,-70.299418,"Chile","2025-01-05T18:00:07"
"Apis mellifera",-33.985344,25.371041,"South Africa","2025-01-02T23:03"
"Apis mellifera",29.553399,-98.530152,"United States of America","2025-01-05T14:33"
"Apis mellifera",28.647336,-96.605323,"United States of America","2025-01-05T15:54"
"Apis mellifera",38.251645,-121.982703,"United States of America","2025-01-05T13:04:56"
"Apis mellifera",38.212788,-122.124703,"United States of America","2025-01-05T11:17:12"
"Apis mellifera",26.302728,-97.524117,"United States of America","2025-01-05T16:37:51"
"Apis mellifera",40.644497,22.96255,"Greece","2025-01-01T13:57"
"Apis mellifera",32.998739,-116.939017,"United States of America","2025-01-05T09:58"
"Apis mellifera",33.419921,-112.540217,"United States of America","2025-01-05T16:17:11"
"Apis mellifera",-32.807971,151.688732,"Australia","2025-01-05T17:21:22"
"Apis mellifera",-23.465083,-46.735564,"Brazil","2025-01-05T09:27"
"Apis mellifera",19.597433,-101.63105,"Mexico","2025-01-05T11:41"
"Apis mellifera",23.098504,-109.711499,"Mexico","2025-01-05T17:14:02"
"Apis mellifera",-34.900428,138.583053,"Australia","2025-01-06T11:00:08"
"Apis mellifera",-32.017407,115.782184,"Australia","2025-01-04T14:26"
"Apis mellifera",33.511883,-111.884095,"United States of America","2025-01-05T13:03:30"
"Apis mellifera",37.354384,-121.889104,"United States of America","2025-01-04T14:03"
"Apis mellifera",29.459535,-98.457663,"United States of America","2025-01-05T10:54"
"Apis mellifera",33.513347,-111.883217,"United States of America","2025-01-05T12:47:53"
"Apis mellifera",-32.284372,-60.69227,"Argentina","2025-01-04T12:14"
"Apis mellifera",33.511997,-111.88395,"United States of America","2025-01-05T12:20:51"
"Apis mellifera",33.511897,-111.884108,"United States of America","2025-01-05T13:03:04"
"Apis mellifera",33.51203,-111.883912,"United States of America","2025-01-05T13:00:45"
"Apis mellifera",19.520506,-99.111272,"Mexico","2025-01-04T09:43:14"
"Apis mellifera",38.036772,-122.671328,"United States of America","2025-01-05T13:44:41"
"Apis mellifera",21.429679,-157.759594,"United States of America","2025-01-05T12:07:32"
"Apis mellifera",32.229962,-110.650216,"United States of America","2025-01-05T14:26"
"Apis mellifera",32.229962,-110.650216,"United States of America","2025-01-05T14:28"
"Apis mellifera",32.229962,-110.650216,"United States of America","2025-01-05T14:31"
"Apis mellifera",32.227711,-110.646665,"United States of America","2025-01-05T14:38"
"Apis mellifera",32.224897,-110.645441,"United States of America","2025-01-05T15:10"
"Apis mellifera",29.955917,-90.048058,"United States of America","2025-01-05T15:25:10"
"Apis mellifera",38.23633,-122.621987,"United States of America","2025-01-05T14:45:42"
"Apis mellifera",-33.730198,150.48446,"Australia","2025-01-06T13:54"
"Apis mellifera",20.768886,-105.537809,"Mexico","2025-01-05T16:29:47"
"Apis mellifera",-37.751809,145.696627,"Australia","2025-01-04T07:32"
"Apis mellifera",-37.754543,145.68285,"Australia","2025-01-04T10:27"
"Apis mellifera",-37.752954,145.6905,"Australia","2025-01-04T10:57"
"Apis mellifera",-37.771098,144.941898,"Australia","2025-01-05T22:20:08"
"Apis mellifera",29.579492,-95.096423,"United States of America","2025-01-05T10:16:30"
"Apis mellifera",26.408455,127.753967,"Japan","2025-01-06T13:25:24"
"Apis mellifera",29.095056,-95.27948,"United States of America","2025-01-05T10:24:06"
"Apis mellifera",-44.693636,169.132847,"New Zealand","2025-01-06T20:35:35"
"Apis mellifera",-37.850328,145.295355,"Australia","2025-01-06T19:33:19"
"Apis mellifera",-42.994994,147.39994,"Australia","2025-01-04T10:26"
"Apis mellifera",38.794539,-0.400277,"Spain","2025-01-06T12:47:16"
"Apis mellifera",-21.13358,148.528478,"Australia","2025-01-06T14:52"
"Apis mellifera",48.803574,9.238177,"Germany","2025-01-06T13:56:12"
"Apis mellifera",38.645083,0.069272,"Spain","2025-01-02T12:45"
"Apis mellifera",17.716458,-64.829872,"Virgin Islands (U.S.)","2025-01-05T12:47:26"
"Apis mellifera",33.859712,-118.387947,"United States of America","2025-01-06T08:32:55"
"Apis mellifera",-1.267186,36.821036,"Kenya","2025-01-06T07:15"
"Apis mellifera",16.496752,-61.479572,"Guadeloupe","2025-01-05T11:05"
"Apis mellifera",28.158625,-82.637214,"United States of America","2025-01-05T09:16"
"Apis mellifera",28.158625,-82.637214,"United States of America","2025-01-05T09:18"
"Apis mellifera",28.691931,-80.70748,"United States of America","2025-01-06T13:06"
"Apis mellifera",48.535152,9.284957,"Germany","2025-01-06T14:54:03"
"Apis mellifera",48.535152,9.284957,"Germany","2025-01-06T15:05:22"
"Apis mellifera",36.959933,-122.084542,"United States of America","2025-01-05T12:48:31"
"Apis mellifera",21.30202,-157.81518,"United States of America","2025-01-06T12:12:38"
"Apis mellifera",36.748116,2.972115,"Algeria","2025-01-06T14:12"
"Apis mellifera",33.969195,-118.418898,"United States of America","2025-01-05T10:09"
"Apis mellifera",21.481138,-87.6931,"Mexico","2025-01-06T09:22:04"
"Apis mellifera",-37.667287,145.163093,"Australia","2025-01-07T10:29:40"
"Apis mellifera",38.323434,-122.689373,"United States of America","2025-01-06T16:15:23"
"Apis mellifera",25.153255,-80.377084,"United States of America","2025-01-02T13:42"
"Apis mellifera",25.153255,-80.377084,"United States of America","2025-01-02T13:44"
"Apis mellifera",29.912204,-97.897311,"United States of America","2025-01-06T15:11"
"Apis mellifera",-40.744056,175.119083,"New Zealand","2025-01-07T12:42:42"
"Apis mellifera",-37.917073,145.326357,"Australia","2025-01-07T13:05:31"
"Apis mellifera",3.539008,-76.642792,"Colombia","2025-01-06T21:21:41"
"Apis mellifera",19.642732,-99.917121,"Mexico","2025-01-06"
"Apis mellifera",-31.811462,115.817703,"Australia","2025-01-06T18:02:40"
"Apis mellifera",32.670797,-17.065885,"Portugal","2025-01-06T10:09:51Z"
"Apis mellifera",-37.668273,148.413069,"Australia","2025-01-07T17:12"
"Apis mellifera",-36.7329,175.79408,"New Zealand","2025-01-07T10:55:42"
"Apis mellifera",-36.7329,175.79408,"New Zealand","2025-01-07T10:55:39"
"Apis mellifera",-34.418197,19.159942,"South Africa","2025-01-07T11:07:40"
"Apis mellifera",32.671404,-17.06464,"Portugal","2025-01-06"
"Apis mellifera",32.010469,34.744253,"Israel","2025-01-07T10:44:18"
"Apis mellifera",32.671404,-17.06464,"Portugal","2025-01-06"
"Apis mellifera",32.010506,34.744239,"Israel","2025-01-07T10:48:24"
"Apis mellifera",36.559416,8.755834,"Tunisia","2025-01-07T13:33:38"
"Apis mellifera",-33.32379,22.076788,"South Africa","2025-01-07T15:36:50"
"Apis mellifera",-26.808285,-65.21759,"Argentina","2025-01-06T15:54"
"Apis mellifera",23.459185,120.3211,"Chinese Taipei","2025-01-07T11:22"
"Apis mellifera",-23.566311,-46.730439,"Brazil","2025-01-07T10:35:11"
"Apis mellifera",30.624284,-88.264999,"United States of America","2025-01-03T12:17"
"Apis mellifera",-33.977312,18.419485,"South Africa","2025-01-07T12:01:46"
"Apis mellifera",-20.364465,-40.336377,"Brazil","2025-01-07T17:39"
"Apis mellifera",-33.018683,150.031136,"Australia","2025-01-04T09:54"
"Apis mellifera",28.826992,-17.825976,"Spain","2025-01-07T14:12:20Z"
"Apis mellifera",-33.438811,-70.643091,"Chile","2025-01-07T17:46"
"Apis mellifera",28.829575,-17.838908,"Spain","2025-01-07T12:59:27Z"
"Apis mellifera",28.831159,-17.83958,"Spain","2025-01-07T12:42:27Z"
"Apis mellifera",28.83365,-17.843544,"Spain","2025-01-07T12:40:23Z"
"Apis mellifera",35.313247,-120.838508,"United States of America","2025-01-07T10:11:16"
"Apis mellifera",28.827112,-17.853489,"Spain","2025-01-07T10:20:04Z"
"Apis mellifera",29.383737,-98.42903,"United States of America","2025-01-05T11:32:55"
"Apis mellifera",25.079036,-77.346433,"Bahamas","2025-01-07T11:34:40"
"Apis mellifera",39.731993,-7.76597,"Portugal","2025-01-02T16:23Z"
"Apis mellifera",32.875412,-117.248804,"United States of America","2025-01-07T15:11:56"
"Apis mellifera",19.464322,-99.045655,"Mexico","2025-01-04T12:59"
"Apis mellifera",19.464294,-99.045622,"Mexico","2025-01-05T10:46"
"Apis mellifera",25.079164,-77.348703,"Bahamas","2025-01-07T11:06:23"
"Apis mellifera",25.07895,-77.349156,"Bahamas","2025-01-07T11:06:08"
"Apis mellifera",25.07895,-77.349156,"Bahamas","2025-01-07T11:05:42"
"Apis mellifera",25.07895,-77.349156,"Bahamas","2025-01-07T11:05:34"
"Apis mellifera",25.079322,-77.348392,"Bahamas","2025-01-07T11:05:07"
"Apis mellifera",25.079322,-77.348392,"Bahamas","2025-01-07T11:04:49"
"Apis mellifera",20.688195,-156.443222,"United States of America","2025-01-06T16:43:56"
"Apis mellifera",-24.774717,-65.400787,"Argentina","2025-01-06T15:49:35"
"Apis mellifera",25.079322,-77.348392,"Bahamas","2025-01-07T11:04:24"
"Apis mellifera",25.079078,-77.348564,"Bahamas","2025-01-07T11:00:52"
"Apis mellifera",25.079078,-77.348564,"Bahamas","2025-01-07T11:00:52"
"Apis mellifera",25.079078,-77.348564,"Bahamas","2025-01-07T11:00:38"
"Apis mellifera",25.079308,-77.348392,"Bahamas","2025-01-07T10:55:44"
"Apis mellifera",24.665042,-81.257096,"United States of America","2025-01-05T14:16"
"Apis mellifera",-37.850494,145.295554,"Australia","2025-01-08T10:28:27"
"Apis mellifera",25.079308,-77.348392,"Bahamas","2025-01-07T10:55:23"
"Apis mellifera",25.044313,-77.350361,"Bahamas","2025-01-07T10:12:47"
"Apis mellifera",32.875378,-117.248817,"United States of America","2025-01-07T15:04:58"
"Apis mellifera",-37.981468,145.048968,"Australia","2025-01-08T11:26:58"
"Apis mellifera",-37.861958,145.069881,"Australia","2025-01-08T11:27:18"
"Apis mellifera",-37.977702,145.17994,"Australia","2025-01-08T11:27:50"
"Apis mellifera",-37.855106,145.099558,"Australia","2025-01-08T11:28:05"
"Apis mellifera",-37.974698,145.012185,"Australia","2025-01-08T11:32:02"
"Apis mellifera",-37.885164,145.079327,"Australia","2025-01-08T11:32:19"
"Apis mellifera",32.875417,-117.248812,"United States of America","2025-01-07T15:13:08"
"Apis mellifera",19.780884,-99.140081,"Mexico","2025-01-05T14:54"
"Apis mellifera",-31.542785,-61.074886,"Argentina","2025-01-01T10:20"
"Apis mellifera",3.75012,-59.309498,"Guyana","2025-01-07T17:43:07"
"Apis mellifera",-42.865768,147.329931,"Australia","2025-01-08T13:04:44"
"Apis mellifera",13.524411,-16.530878,"Gambia","2025-01-07T16:24Z"
"Apis mellifera",13.514917,-16.522874,"Gambia","2025-01-07T16:28Z"
"Apis mellifera",13.453238,-16.514649,"Gambia","2025-01-07T16:36Z"
"Apis mellifera",-37.735713,145.586197,"Australia","2025-01-07T12:46:40"
"Apis mellifera",34.016931,-118.365853,"United States of America","2025-01-07T11:17:47"
"Apis mellifera",-37.802342,144.965387,"Australia","2025-01-07T14:52:40"
"Apis mellifera",-37.802326,144.97063,"Australia","2025-01-07T15:07:20"
"Apis mellifera",-34.966561,138.696264,"Australia","2025-01-08T09:53"
"Apis mellifera",-30.738122,121.479242,"Australia","2025-01-08T11:49:40"
"Apis mellifera",32.013039,34.755003,"Israel","2025-01-08T09:21:18"
"Apis mellifera",31.861444,34.826595,"Israel","2025-01-08T10:49:30"
"Apis mellifera",13.4462,-16.458542,"Gambia","2025-01-08T08:10Z"
"Apis mellifera",-34.004372,18.507958,"South Africa","2025-01-08T14:03:16"
"Apis mellifera",41.54517,1.891337,"Spain","2025-01-08T12:34"
"Apis mellifera",8.361,-80.1307,"Panama","2025-01-08T07:02:37"
"Apis mellifera",25.079322,-77.348392,"Bahamas","2025-01-07T11:05:07"
"Apis mellifera",25.078744,-77.347619,"Bahamas","2025-01-07T10:59:05"
"Apis mellifera",-35.105831,139.20334,"Australia","2025-01-07T10:59"
"Apis mellifera",24.723463,-81.030953,"United States of America","2025-01-08T09:24:31"
"Apis mellifera",-33.680716,-56.801201,"Uruguay","2025-01-08T11:31"
"Apis mellifera",-26.137484,27.942755,"South Africa","2025-01-08T12:52"
"Apis mellifera",-34.046607,22.318151,"South Africa","2025-01-06T07:42:49"
"Apis mellifera",23.191669,-106.425556,"Mexico","2025-01-08T07:46:10"
"Apis mellifera",-33.143319,151.444537,"Australia","2025-01-03T14:54:16"
"Apis mellifera",26.262505,-80.108383,"United States of America","2025-01-08T12:34:35"
"Apis mellifera",36.827538,-2.405564,"Spain","2025-01-08T19:11:43"
"Apis mellifera",28.653893,-17.856034,"Spain","2025-01-08"
"Apis mellifera",20.399055,-87.318198,"Mexico","2025-01-08T13:57:14"
"Apis mellifera",22.540981,-78.435808,"Cuba","2025-01-08T12:42"
"Apis mellifera",-40.074593,-71.322521,"Argentina","2025-01-08T15:57:30"
"Apis mellifera",21.042936,-89.663377,"Mexico","2025-01-08T13:45"
"Apis mellifera",26.072655,-80.274753,"United States of America","2025-01-05T14:55:01"
"Apis mellifera",26.082492,-80.238287,"United States of America","2025-01-08T16:05:51"
"Apis mellifera",-34.60711,-58.352334,"Argentina","2025-01-08T10:58"
"Apis mellifera",-23.852928,-46.133262,"Brazil","2025-01-08T15:08:03"
"Apis mellifera",-34.874642,-56.152619,"Uruguay","2025-01-05T18:34:32"
"Apis mellifera",-20.781795,167.127565,"New Caledonia","2025-01-03T13:11:51"
"Apis mellifera",28.635162,-17.889748,"Spain","2025-01-08T10:26:41Z"
"Apis mellifera",-20.783467,167.125658,"New Caledonia","2025-01-03T13:32:13"
"Apis mellifera",-34.605963,-58.358396,"Argentina","2025-01-07T12:08:10"
"Apis mellifera",-34.742657,-55.981636,"Uruguay","2025-01-06T17:10:54"
"Apis mellifera",19.703298,-101.182907,"Mexico","2025-01-08T13:20"
"Apis mellifera",33.981994,-112.365529,"United States of America","2025-01-08T12:17:13"
"Apis mellifera",-39.109287,-67.072319,"Argentina","2025-01-07T18:33:49"
"Apis mellifera",-31.550942,-61.067707,"Argentina","2025-01-01T10:33"
"Apis mellifera",38.132922,-122.474847,"United States of America","2025-01-08T11:16:14"
"Apis mellifera",25.079094,-77.346567,"Bahamas","2025-01-08T10:36:59"
"Apis mellifera",25.079094,-77.346567,"Bahamas","2025-01-08T10:36:10"
"Apis mellifera",25.079544,-77.348203,"Bahamas","2025-01-08T09:52:51"
"Apis mellifera",-37.94359,145.220747,"Australia","2025-01-09T14:27:25"
"Apis mellifera",30.411819,-97.648725,"United States of America","2025-01-05T12:42"
"Apis mellifera",-26.712637,153.044783,"Australia","2025-01-09T14:07:14"
"Apis mellifera",33.898523,-117.507127,"United States of America","2025-01-02T13:44"
"Apis mellifera",-27.129074,152.898687,"Australia","2025-01-07T08:20"
"Apis mellifera",-37.859809,145.380651,"Australia","2025-01-08T07:15"
"Apis mellifera",37.403318,-120.094944,"United States of America","2025-01-07T14:17"
"Apis mellifera",37.40332,-120.094942,"United States of America","2025-01-07T14:19"
"Apis mellifera",-37.829283,145.055988,"Australia","2025-01-09T17:43:51"
"Apis mellifera",-37.881996,145.057852,"Australia","2025-01-09T17:43:58"
"Apis mellifera",-36.07055,174.591553,"New Zealand","2025-01-09T13:42"
"Apis mellifera",-37.822559,145.182777,"Australia","2025-01-09T17:54:48"
"Apis mellifera",-43.522583,172.628042,"New Zealand","2025-01-09T11:16:35"
"Apis mellifera",-35.076967,138.864972,"Australia","2025-01-01T13:30:19"
"Apis mellifera",36.585483,-4.594856,"Spain","2025-01-09T10:58:56"
"Apis mellifera",-37.762108,144.92247,"Australia","2025-01-09T16:24:07"
"Apis mellifera",-37.762042,144.92273,"Australia","2025-01-09T16:25:22"
"Apis mellifera",46.771311,15.55695,"Austria","2025-01-09T10:46"
"Apis mellifera",41.306372,1.737152,"Spain","2025-01-01"
"Apis mellifera",18.538192,-68.356858,"Dominican Republic","2025-01-09T07:19:46"
"Apis mellifera",-31.907238,115.805245,"Australia","2025-01-09T18:33:29"
"Apis mellifera",-20.195398,28.615915,"Zimbabwe","2025-01-09T13:18:42"
"Apis mellifera",-22.637497,14.650122,"Namibia","2025-01-09T17:15:20"
"Apis mellifera",37.084271,-8.734064,"Portugal","2025-01-04T15:25Z"
"Apis mellifera",37.08463,-8.733444,"Portugal","2025-01-04T15:31Z"
"Apis mellifera",38.419686,-122.632836,"United States of America","2025-01-08T15:15"
"Apis mellifera",38.419681,-122.632842,"United States of America","2025-01-08T15:16"
"Apis mellifera",38.419681,-122.632842,"United States of America","2025-01-08T15:16"
"Apis mellifera",36.46175,-116.867347,"United States of America","2025-01-08T15:18:20"
"Apis mellifera",48.138402,11.579239,"Germany","2025-01-09T12:58:20"
"Apis mellifera",18.330751,-64.79589,"Virgin Islands (U.S.)","2025-01-09T16:32:41"
"Apis mellifera",-38.144479,176.237767,"New Zealand","2025-01-09T18:00:24"
"Apis mellifera",21.117717,-86.830219,"Mexico","2025-01-09T14:51"
"Apis mellifera",21.117717,-86.830219,"Mexico","2025-01-09T14:51"
"Apis mellifera",26.578808,-78.573919,"Bahamas","2025-01-07T09:35:02"
"Apis mellifera",28.792364,-17.926273,"Spain","2025-01-09T16:53:36Z"
"Apis mellifera",-35.255287,149.122008,"Australia","2025-01-06T11:20:46"
"Apis mellifera",-35.255283,149.122039,"Australia","2025-01-06T11:23:27"
"Apis mellifera",-35.255222,149.121964,"Australia","2025-01-06T11:36:07"
"Apis mellifera",-35.255225,149.121978,"Australia","2025-01-06T11:37:45"
"Apis mellifera",37.404147,-122.149922,"United States of America","2025-01-09T14:49:13"
"Apis mellifera",34.016572,-118.365837,"United States of America","2025-01-09T14:57:58"
"Apis mellifera",18.357757,-64.934088,"Virgin Islands (U.S.)","2025-01-09T19:12:35"
"Apis mellifera",-37.883086,145.021976,"Australia","2025-01-10T10:24:46"
"Apis mellifera",44.213234,-79.21853,"Canada","2025-01-09T18:21:36"
"Apis mellifera",-37.893514,145.067817,"Australia","2025-01-10T10:26:40"
"Apis mellifera",-37.99514,145.142052,"Australia","2025-01-10T10:26:48"
"Apis mellifera",-37.812055,145.149371,"Australia","2025-01-10T10:27:47"
"Apis mellifera",-37.959455,145.146885,"Australia","2025-01-10T10:28:34"
"Apis mellifera",-37.958694,145.032972,"Australia","2025-01-10T10:29:13"
"Apis mellifera",-37.878927,145.140973,"Australia","2025-01-10T10:31:26"
"Apis mellifera",37.011688,-4.55674,"Spain","2025-01-09T22:17"
"Apis mellifera",35.86932,-114.661208,"United States of America","2025-01-09T13:36:50"
"Apis mellifera",25.694813,-80.370605,"United States of America","2025-01-09T13:03:41"
"Apis mellifera",-37.88942,145.289887,"Australia","2025-01-10T11:18:02"
"Apis mellifera",16.776467,-96.614843,"Mexico","2025-01-05T13:23"
"Apis mellifera",28.394083,-81.449203,"United States of America","2025-01-09T15:37:44"
"Apis mellifera",-37.90462,145.329547,"Australia","2025-01-09T10:12"
"Apis mellifera",-37.776324,145.361358,"Australia","2025-01-10T10:03"
"Apis mellifera",-37.763777,145.350001,"Australia","2025-01-10T10:46"
"Apis mellifera",-27.599726,152.895805,"Australia","2025-01-10T10:40"
"Apis mellifera",-37.553973,143.845882,"Australia","2025-01-10T15:13:23"
"Apis mellifera",-37.751553,175.28447,"New Zealand","2025-01-10T17:31:39"
"Apis mellifera",27.841667,-82.669167,"United States of America","2025-01-08T15:42:50"
"Apis mellifera",-37.835454,145.373157,"Australia","2025-01-10T14:33:37"
"Apis mellifera",-39.046353,174.104429,"New Zealand","2025-01-10T16:28"
"Apis mellifera",32.100559,34.807053,"Israel","2025-01-10T08:27:04"
"Apis mellifera",34.14886,-118.148549,"United States of America","2025-01-09T15:24:15"
"Apis mellifera",37.596286,-122.508915,"United States of America","2025-01-05T15:17"
"Apis mellifera",-34.61148,19.32932,"South Africa","2025-01-09T13:41:42"
"Apis mellifera",-37.862165,145.129804,"Australia","2025-01-10T19:24"
"Apis mellifera",-37.877201,145.008299,"Australia","2025-01-10T19:17"
"Apis mellifera",-37.805192,145.124352,"Australia","2025-01-10T19:17"
"Apis mellifera",-37.929303,145.168135,"Australia","2025-01-10T19:07"
"Apis mellifera",-37.85738,145.169384,"Australia","2025-01-10T19:02"
"Apis mellifera",-37.996153,145.189941,"Australia","2025-01-10T19:02"
"Apis mellifera",-38.176352,144.306889,"Australia","2025-01-10T18:27"
"Apis mellifera",-33.176065,136.920072,"Australia","2025-01-10T18:41:36"
"Apis mellifera",41.665595,2.708248,"Spain","2025-01-10T15:12:18"
"Apis mellifera",23.496695,120.154032,"Chinese Taipei","2025-01-04T11:27"
"Apis mellifera",40.663272,26.761614,"TÃ¼rkiye","2025-01-10T17:30:48"
"Apis mellifera",38.04091,-8.516328,"Portugal","2025-01-09T12:39:27Z"
"Apis mellifera",-5.930694,-35.223515,"Brazil","2025-01-10T09:03:54"
"Apis mellifera",40.274009,23.312047,"Greece","2025-01-10T12:27:30"
"Apis mellifera",44.210876,9.553925,"Italy","2025-01-10T10:06:57"
"Apis mellifera",25.695633,-80.371446,"United States of America","2025-01-10T13:19:46"
"Apis mellifera",6.245394,-75.591197,"Colombia","2025-01-10T13:53:41"
"Apis mellifera",27.412527,-82.658988,"United States of America","2025-01-10T13:31:12"
"Apis mellifera",37.942059,-122.331186,"United States of America","2025-01-10T11:03:30"
"Apis mellifera",-36.278717,-72.809984,"Chile","2025-01-09T14:45"
"Apis mellifera",28.753188,-18.003998,"Spain","2025-01-10T15:29:35Z"
"Apis mellifera",28.794045,-17.929415,"Spain","2025-01-10T09:58:42Z"
"Apis mellifera",53.500381,-113.56062,"Canada","2025-01-04T12:31"
"Apis mellifera",14.083426,-87.166504,"Honduras","2025-01-10T15:49:55"
"Apis mellifera",-31.390549,-64.560341,"Argentina","2025-01-07T14:01:41"
"Apis mellifera",34.0174,-118.365145,"United States of America","2025-01-10T14:15:54"
"Apis mellifera",-22.546381,-43.06485,"Brazil","2025-01-09T11:41"
"Apis mellifera",24.818542,-107.382345,"Mexico","2025-01-10T08:58"
"Apis mellifera",-35.071906,138.881753,"Australia","2025-01-11T10:28:53"
"Apis mellifera",-37.923972,145.060046,"Australia","2025-01-11T09:40"
"Apis mellifera",-37.925239,145.063831,"Australia","2025-01-11T09:37"
"Apis mellifera",-37.917736,145.018006,"Australia","2025-01-11T09:37"
"Apis mellifera",-37.931208,145.134908,"Australia","2025-01-11T09:37"
"Apis mellifera",-37.891567,145.015441,"Australia","2025-01-11T09:37"
"Apis mellifera",-37.997952,145.030115,"Australia","2025-01-11T09:37"
"Apis mellifera",-37.895013,145.110318,"Australia","2025-01-11T09:36"
"Apis mellifera",-37.962666,145.129369,"Australia","2025-01-11T09:36"
"Apis mellifera",-33.968714,-59.501137,"Argentina","2025-01-10T16:35"
